[{"id":1,"firstName":"Ivan","lastName":"Ivnoiv","skills":[{"id":2,"name":"TestDev","skillStatus":"ACTIVE"},{"id":1,"name":"TTTT","skillStatus":"ACTIVE"},{"id":1,"name":"TTTT","skillStatus":"ACTIVE"},{"id":1,"name":"TTTT","skillStatus":"ACTIVE"}],"specialty":"Dev","developerStatus":"ACTIVE"},{"id":2,"firstName":"Jon","lastName":"Hon","skills":[{"id":2,"name":"TestDev","skillStatus":"ACTIVE"},{"id":2,"name":"TestDev","skillStatus":"ACTIVE"}],"specialty":"Tester","developerStatus":"ACTIVE"},{"id":3,"firstName":"Bor","lastName":"Vor","skills":[{"id":2,"name":"TestDev","skillStatus":"ACTIVE"},{"id":2,"name":"TestDev","skillStatus":"ACTIVE"}],"specialty":"QA","developerStatus":"ACTIVE"}]